<?xml version="1.0"?>
<copying>
  <authors>
    <author href="http://commons.wikimedia.org/wiki/User:PZmaps">
      <name>PZmaps</name>
    </author>
  </authors>
  <license>
    <informal>Creative commons attribution share-alike 3.0 unported</informal>
    <year>2012</year>
    <text href="http://creativecommons.org/licenses/by-sa/3.0/deed.en"/>
  </license>
  <src>
    <format>PNG image</format>
    <link href="http://commons.wikimedia.org/wiki/File:MeanMonthlyPMar.png">Original image</link>
  </src>
  <distribute>
    <qgis distribute="yes" license="cc3"/>
  </distribute>
</copying>
