<?xml version="1.0"?>
<copying>
  <authors>
    <author href="http://math.mit.edu/~stevenj/">
      <name>Steven G. Johnson</name>
      <org>MIT</org>
    </author>
  </authors>
  <license>
    <informal>MIT</informal>
    <year>2009</year>
    <text href="http://ab-initio.mit.edu/wiki/index.php/H5utils">
      Permission is hereby granted, free of charge, to any person
      obtaining a copy of this software and associated documentation
      files (the "Software"), to deal in the Software without
      restriction, including without limitation the rights to use, copy,
      modify, merge, publish, distribute, sublicense, and/or sell copies
      of the Software, and to permit persons to whom the Software is
      furnished to do so, subject to the following conditions:

      The above copyright notice and this permission notice shall be
      included in all copies or substantial portions of the Software.

      THE SOFTWARE IS PROVIDED "AS IS", WITHOUT WARRANTY OF ANY KIND,
      EXPRESS OR IMPLIED, INCLUDING BUT NOT LIMITED TO THE WARRANTIES OF
      MERCHANTABILITY, FITNESS FOR A PARTICULAR PURPOSE AND
      NONINFRINGEMENT. IN NO EVENT SHALL THE AUTHORS OR COPYRIGHT
      HOLDERS BE LIABLE FOR ANY CLAIM, DAMAGES OR OTHER LIABILITY,
      WHETHER IN AN ACTION OF CONTRACT, TORT OR OTHERWISE, ARISING FROM,
      OUT OF OR IN CONNECTION WITH THE SOFTWARE OR THE USE OR OTHER
      DEALINGS IN THE SOFTWARE.
    </text>
  </license>
  <src>
    <format>ASCII table</format>
    <link href="http://ab-initio.mit.edu/wiki/index.php/H5utils">H5utils homepage</link>
    <link href="http://ab-initio.mit.edu/wiki/index.php/Color_tables_in_h5topng">Colour tables page</link>
  </src>
  <distribute>
    <qgis distribute="yes" license="otherok"/>
  </distribute>
</copying>
