<?xml version="1.0"?>
<copying>
  <authors>
    <author href="http://als.wikipedia.org/wiki/Benutzer:W-j-s">
      <name>W-j-s</name>
    </author>
    <author>
      <name>Jide</name>
    </author>
  </authors>
  <license>
    <informal>Creative commons attribution share-alike 3.0 unported</informal>
    <year>2012</year>
    <text href="http://creativecommons.org/licenses/by-sa/3.0/deed.fr"/>
  </license>
  <src>
    <format>PNG image</format>
    <link href="http://commons.wikimedia.org/wiki/File:Schwarzwald-topographie.png">Wikipedia black forest topographic map</link>
  </src>
  <distribute>
    <qgis distribute="yes" license="cc3"/>
  </distribute>
</copying>
