<?xml version="1.0" encoding="UTF-8"?>
<selection cadence="high">
  <name short="totp-cpt">Top of the (cpt) palettes</name>
  <synopsis>The 75 most popular cpt gradients 
    on 02/08/2013</synopsis>
  <description>
    The 75 most popular cpt files with the number downloaded 
    shown in parentheses. The arrows indicate the change in rank in the last
    month. This list is compiled from the files downloaded in the last year 
    (a total of 12,437 files) and is updated irregularly, most recently on 
    02/08/2013.
  </description>
  <gradients>

    <gradient 
       file="ETOPO1" 
       dir="ngdc"  
       rank="1"
       direction="unchanged"
       downloads="284"/>

    <gradient 
       file="nrwc" 
       dir="wkp/tubs"  
       rank="2"
       direction="unchanged"
       downloads="206"/>

    <gradient 
       file="DEM_poster" 
       dir="td"  
       rank="3"
       direction="up" 
       downloads="158"/>

    <gradient 
       file="DEM_print" 
       dir="td"  
       rank="4"
       direction="down"
       downloads="149"/>

    <gradient 
       file="sst" 
       dir="oc"  
       rank="5"
       direction="up" 
       downloads="139"/>

    <gradient 
       file="DEM_screen" 
       dir="td"  
       rank="6"
       direction="up" 
       downloads="138"/>

    <gradient 
       file="elevation" 
       dir="grass"  
       rank="7"
       direction="down"
       downloads="133"/>

    <gradient 
       file="wiki-schwarzwald-cont" 
       dir="wkp/schwarzwald"  
       rank="8"
       direction="down"
       downloads="130"/>

    <gradient 
       file="mby" 
       dir="mby"  
       rank="9"
       direction="down"
       downloads="129"/>

    <gradient 
       file="wiki-2.0" 
       dir="wkp/template"  
       rank="10"
       direction="up" 
       downloads="119"/>

    <gradient 
       file="temp_19lev" 
       dir="ncl"  
       rank="10"
       direction="up" 
       downloads="119"/>

    <gradient 
       file="afrikakarte" 
       dir="wkp/lilleskut"  
       rank="12"
       direction="down"
       downloads="118"/>

    <gradient 
       file="rainbow" 
       dir="oc"  
       rank="12"
       direction="up" 
       downloads="118"/>

    <gradient 
       file="colombia" 
       dir="wkp/shadowxfox"  
       rank="14"
       direction="up" 
       downloads="113"/>

    <gradient 
       file="NZ_blue" 
       dir="em"  
       rank="15"
       direction="down"
       downloads="112"/>

    <gradient 
       file="temperature" 
       dir="jjg/misc"  
       rank="16"
       direction="down"
       downloads="110"/>

    <gradient 
       file="GMT_globe" 
       dir="gmt"  
       rank="17"
       direction="down"
       downloads="109"/>

    <gradient 
       file="BlueWhiteOrangeRed" 
       dir="ncl"  
       rank="18"
       direction="unchanged"
       downloads="105"/>

    <gradient 
       file="afrikakarte-topo" 
       dir="wkp/lilleskut"  
       rank="19"
       direction="down"
       downloads="93"/>

    <gradient 
       file="cool-warm" 
       dir="km"  
       rank="20"
       direction="down"
       downloads="92"/>

    <gradient 
       file="bcyr" 
       dir="grass"  
       rank="21"
       direction="up" 
       downloads="91"/>

    <gradient 
       file="ibcao" 
       dir="ibcao"  
       rank="22"
       direction="down"
       downloads="88"/>

    <gradient 
       file="seismic" 
       dir="gery"  
       rank="23"
       direction="down"
       downloads="86"/>

    <gradient 
       file="ETOPO1-Reed" 
       dir="ngdc"  
       rank="24"
       direction="up" 
       downloads="85"/>

    <gradient 
       file="GMT_panoply" 
       dir="gmt"  
       rank="25"
       direction="down"
       downloads="82"/>

    <gradient 
       file="temp-c" 
       dir="ukmo/wow"  
       rank="26"
       direction="up" 
       downloads="79"/>

    <gradient 
       file="dkbluered" 
       dir="h5"  
       rank="27"
       direction="unchanged"
       downloads="77"/>

    <gradient 
       file="nordisk-familjebok" 
       dir="wkp/encyclopedia"  
       rank="27"
       direction="unchanged"
       downloads="77"/>

    <gradient 
       file="GMT_rainbow" 
       dir="gmt"  
       rank="29"
       direction="up" 
       downloads="75"/>

    <gradient 
       file="GMT_relief" 
       dir="gmt"  
       rank="29"
       direction="down"
       downloads="75"/>

    <gradient 
       file="GMT_seis" 
       dir="gmt"  
       rank="31"
       direction="up" 
       downloads="73"/>

    <gradient 
       file="GMT_ocean" 
       dir="gmt"  
       rank="32"
       direction="unchanged"
       downloads="72"/>

    <gradient 
       file="GMT_topo" 
       dir="gmt"  
       rank="32"
       direction="up" 
       downloads="72"/>

    <gradient 
       file="earth" 
       dir="gist"  
       rank="34"
       direction="down"
       downloads="70"/>

    <gradient 
       file="ibcso" 
       dir="ibcso"  
       rank="35"
       direction="up" 
       downloads="68"/>

    <gradient 
       file="jet" 
       dir="h5"  
       rank="36"
       direction="up" 
       downloads="67"/>

    <gradient 
       file="Spectral_11" 
       dir="cb/div"  
       rank="37"
       direction="down"
       downloads="66"/>

    <gradient 
       file="GMT_gray" 
       dir="gmt"  
       rank="38"
       direction="down"
       downloads="65"/>

    <gradient 
       file="GMT_haxby" 
       dir="gmt"  
       rank="38"
       direction="up" 
       downloads="65"/>

    <gradient 
       file="humidity" 
       dir="ukmo/wow"  
       rank="38"
       direction="up" 
       downloads="65"/>

    <gradient 
       file="etopo2" 
       dir="grass"  
       rank="38"
       direction="up" 
       downloads="65"/>

    <gradient 
       file="nrwd" 
       dir="wkp/tubs"  
       rank="42"
       direction="up" 
       downloads="64"/>

    <gradient 
       file="meyers" 
       dir="wkp/encyclopedia"  
       rank="42"
       direction="down"
       downloads="64"/>

    <gradient 
       file="BlueDarkRed18" 
       dir="ncl"  
       rank="44"
       direction="down"
       downloads="63"/>

    <gradient 
       file="wiki-scotland" 
       dir="wkp/country"  
       rank="45"
       direction="unchanged"
       downloads="62"/>

    <gradient 
       file="Blues_09" 
       dir="cb/seq"  
       rank="45"
       direction="up" 
       downloads="62"/>

    <gradient 
       file="wiki-schwarzwald-d050" 
       dir="wkp/schwarzwald"  
       rank="47"
       direction="down"
       downloads="61"/>

    <gradient 
       file="bath_112" 
       dir="esri/hypsometry/bath"  
       rank="47"
       direction="down"
       downloads="61"/>

    <gradient 
       file="Caribbean" 
       dir="vh"  
       rank="49"
       direction="up" 
       downloads="60"/>

    <gradient 
       file="YlOrRd_09" 
       dir="cb/seq"  
       rank="49"
       direction="down"
       downloads="60"/>

    <gradient 
       file="GMT_polar" 
       dir="gmt"  
       rank="51"
       direction="down"
       downloads="58"/>

    <gradient 
       file="wiki-france" 
       dir="wkp/country"  
       rank="51"
       direction="unchanged"
       downloads="58"/>

    <gradient 
       file="europe_3" 
       dir="esri/hypsometry/eu"  
       rank="53"
       direction="down"
       downloads="57"/>

    <gradient 
       file="GMT_sealand" 
       dir="gmt"  
       rank="54"
       direction="unchanged"
       downloads="56"/>

    <gradient 
       file="precip2_17lev" 
       dir="ncl"  
       rank="55"
       direction="up" 
       downloads="55"/>

    <gradient 
       file="GMT_wysiwyg" 
       dir="gmt"  
       rank="56"
       direction="up" 
       downloads="50"/>

    <gradient 
       file="BlueYellowRed" 
       dir="ncl"  
       rank="56"
       direction="down"
       downloads="50"/>

    <gradient 
       file="visspec" 
       dir="jjg/physics"  
       rank="58"
       direction="up" 
       downloads="49"/>

    <gradient 
       file="zeu" 
       dir="oc"  
       rank="59"
       direction="up" 
       downloads="47"/>

    <gradient 
       file="wiki-1.02" 
       dir="wkp/template"  
       rank="59"
       direction="up" 
       downloads="47"/>

    <gradient 
       file="seminf-haxby" 
       dir="jjg/misc"  
       rank="61"
       direction="down"
       downloads="46"/>

    <gradient 
       file="GMT_hot" 
       dir="gmt"  
       rank="61"
       direction="down"
       downloads="46"/>

    <gradient 
       file="subtle" 
       dir="jjg/misc"  
       rank="61"
       direction="down"
       downloads="46"/>

    <gradient 
       file="xkcd-bath" 
       dir="xkcd"  
       rank="64"
       direction="up" 
       downloads="43"/>

    <gradient 
       file="njbath" 
       dir="njgs"  
       rank="65"
       direction="up" 
       downloads="42"/>

    <gradient 
       file="europe_2" 
       dir="esri/hypsometry/eu"  
       rank="65"
       direction="up" 
       downloads="42"/>

    <gradient 
       file="Greys_09" 
       dir="cb/seq"  
       rank="67"
       direction="down"
       downloads="41"/>

    <gradient 
       file="GMT_no_green" 
       dir="gmt"  
       rank="68"
       direction="down"
       downloads="40"/>

    <gradient 
       file="wiki-schwarzwald-d010" 
       dir="wkp/schwarzwald"  
       rank="69"
       direction="down"
       downloads="39"/>

    <gradient 
       file="RdBu_11" 
       dir="cb/div"  
       rank="69"
       direction="up" 
       downloads="39"/>

    <gradient 
       file="differences" 
       dir="grass"  
       rank="69"
       direction="unchanged"
       downloads="39"/>

    <gradient 
       file="wiki-plumbago" 
       dir="wkp/plumbago"  
       rank="72"
       direction="up" 
       downloads="38"/>

    <gradient 
       file="Spectral" 
       dir="jjg/polarity"  
       rank="72"
       direction="down"
       downloads="38"/>

    <gradient 
       file="wiki-schwarzwald-d100" 
       dir="wkp/schwarzwald"  
       rank="72"
       direction="unchanged"
       downloads="38"/>

    <gradient 
       file="afrikakarte-bath" 
       dir="wkp/lilleskut"  
       rank="75"
       direction="down"
       downloads="37"/>

  </gradients>
</selection>