<?xml version="1.0"?>
<copying>
  <authors>
    <author href="http://www.gosquared.com/">
      <name>Go Squared</name>
    </author>
  </authors>
  <license>
    <informal>Attribution requested</informal>
    <year>2007</year>
    <text href="http://downloads.gosquared.com/vectors/Gradients_01.svg">
      These grads were made and are distributed for free by 
      Go Squared Ltd. You may use them as you wish, but 
      mentioning us or buying a Square would go down really 
      well.
    </text>
  </license>
  <src>
    <format>SVG</format>
    <link href="http://www.gosquared.com/liquidicity/archives/145">Liquidicity blog entry</link>
    <link href="http://downloads.gosquared.com/vectors/Gradients_01.svg">SVG file</link>
  </src>
  <distribute>
    <qgis distribute="yes" license="other"/>
  </distribute>
</copying>
