<?xml version="1.0" encoding="UTF-8"?>
<selection cadence="high">
  <name short="totp-cpt">Top of the (cpt) palettes</name>
  <synopsis>The 75 most popular cpt gradients 
    on 18/03/2013</synopsis>
  <description>
    The 75 most popular cpt files with the number downloaded 
    shown in parentheses. The arrows indicate the change in rank in the last
    month. This list is compiled from the files downloaded in the last year 
    (a total of 10,782 files) and is updated irregularly, most recently on 
    18/03/2013.
  </description>
  <gradients>

    <gradient 
       file="ETOPO1" 
       dir="ngdc"  
       rank="1"
       direction="unchanged"
       downloads="260"/>

    <gradient 
       file="wiki-schwarzwald-cont" 
       dir="wkp/schwarzwald"  
       rank="2"
       direction="unchanged"
       downloads="164"/>

    <gradient 
       file="DEM_print" 
       dir="td"  
       rank="3"
       direction="unchanged"
       downloads="159"/>

    <gradient 
       file="DEM_screen" 
       dir="td"  
       rank="4"
       direction="unchanged"
       downloads="142"/>

    <gradient 
       file="DEM_poster" 
       dir="td"  
       rank="5"
       direction="unchanged"
       downloads="139"/>

    <gradient 
       file="nrwc" 
       dir="wkp/tubs"  
       rank="6"
       direction="up" 
       downloads="125"/>

    <gradient 
       file="elevation" 
       dir="grass"  
       rank="7"
       direction="down"
       downloads="124"/>

    <gradient 
       file="mby" 
       dir="mby"  
       rank="8"
       direction="up" 
       downloads="117"/>

    <gradient 
       file="wiki-2.0" 
       dir="wkp/template"  
       rank="9"
       direction="down"
       downloads="113"/>

    <gradient 
       file="NZ_blue" 
       dir="em"  
       rank="10"
       direction="unchanged"
       downloads="103"/>

    <gradient 
       file="temperature" 
       dir="jjg/misc"  
       rank="11"
       direction="down"
       downloads="102"/>

    <gradient 
       file="afrikakarte" 
       dir="wkp/lilleskut"  
       rank="12"
       direction="up" 
       downloads="101"/>

    <gradient 
       file="sst" 
       dir="oc"  
       rank="13"
       direction="down"
       downloads="99"/>

    <gradient 
       file="rainbow" 
       dir="oc"  
       rank="14"
       direction="up" 
       downloads="97"/>

    <gradient 
       file="temp_19lev" 
       dir="ncl"  
       rank="15"
       direction="up" 
       downloads="91"/>

    <gradient 
       file="GMT_globe" 
       dir="gmt"  
       rank="16"
       direction="unchanged"
       downloads="87"/>

    <gradient 
       file="afrikakarte-topo" 
       dir="wkp/lilleskut"  
       rank="16"
       direction="up" 
       downloads="87"/>

    <gradient 
       file="ibcao" 
       dir="ibcao"  
       rank="18"
       direction="down"
       downloads="86"/>

    <gradient 
       file="GMT_panoply" 
       dir="gmt"  
       rank="19"
       direction="down"
       downloads="82"/>

    <gradient 
       file="GMT_relief" 
       dir="gmt"  
       rank="20"
       direction="unchanged"
       downloads="80"/>

    <gradient 
       file="nordisk-familjebok" 
       dir="wkp/encyclopedia"  
       rank="21"
       direction="up" 
       downloads="77"/>

    <gradient 
       file="bcyr" 
       dir="grass"  
       rank="22"
       direction="up" 
       downloads="76"/>

    <gradient 
       file="earth" 
       dir="gist"  
       rank="22"
       direction="down"
       downloads="76"/>

    <gradient 
       file="GMT_seis" 
       dir="gmt"  
       rank="22"
       direction="up" 
       downloads="76"/>

    <gradient 
       file="GMT_ocean" 
       dir="gmt"  
       rank="25"
       direction="down"
       downloads="74"/>

    <gradient 
       file="dkbluered" 
       dir="h5"  
       rank="25"
       direction="down"
       downloads="74"/>

    <gradient 
       file="ETOPO1-Reed" 
       dir="ngdc"  
       rank="27"
       direction="up" 
       downloads="72"/>

    <gradient 
       file="cool-warm" 
       dir="km"  
       rank="27"
       direction="up" 
       downloads="72"/>

    <gradient 
       file="wiki-schwarzwald-d050" 
       dir="wkp/schwarzwald"  
       rank="27"
       direction="up" 
       downloads="72"/>

    <gradient 
       file="BlueWhiteOrangeRed" 
       dir="ncl"  
       rank="30"
       direction="up" 
       downloads="71"/>

    <gradient 
       file="GMT_gray" 
       dir="gmt"  
       rank="31"
       direction="down"
       downloads="69"/>

    <gradient 
       file="seismic" 
       dir="gery"  
       rank="32"
       direction="up" 
       downloads="68"/>

    <gradient 
       file="GMT_rainbow" 
       dir="gmt"  
       rank="33"
       direction="down"
       downloads="67"/>

    <gradient 
       file="meyers" 
       dir="wkp/encyclopedia"  
       rank="34"
       direction="up" 
       downloads="66"/>

    <gradient 
       file="jet" 
       dir="h5"  
       rank="35"
       direction="up" 
       downloads="65"/>

    <gradient 
       file="europe_3" 
       dir="esri/hypsometry/eu"  
       rank="35"
       direction="down"
       downloads="65"/>

    <gradient 
       file="YlOrRd_09" 
       dir="cb/seq"  
       rank="37"
       direction="down"
       downloads="62"/>

    <gradient 
       file="bath_112" 
       dir="esri/hypsometry/bath"  
       rank="38"
       direction="down"
       downloads="61"/>

    <gradient 
       file="Blues_09" 
       dir="cb/seq"  
       rank="38"
       direction="down"
       downloads="61"/>

    <gradient 
       file="GMT_polar" 
       dir="gmt"  
       rank="40"
       direction="up" 
       downloads="60"/>

    <gradient 
       file="wiki-scotland" 
       dir="wkp/country"  
       rank="40"
       direction="down"
       downloads="60"/>

    <gradient 
       file="Spectral_11" 
       dir="cb/div"  
       rank="42"
       direction="unchanged"
       downloads="59"/>

    <gradient 
       file="GMT_haxby" 
       dir="gmt"  
       rank="43"
       direction="up" 
       downloads="58"/>

    <gradient 
       file="GMT_topo" 
       dir="gmt"  
       rank="43"
       direction="up" 
       downloads="58"/>

    <gradient 
       file="temp-c" 
       dir="ukmo/wow"  
       rank="43"
       direction="up" 
       downloads="58"/>

    <gradient 
       file="humidity" 
       dir="ukmo/wow"  
       rank="43"
       direction="up" 
       downloads="58"/>

    <gradient 
       file="wiki-france" 
       dir="wkp/country"  
       rank="47"
       direction="down"
       downloads="57"/>

    <gradient 
       file="etopo2" 
       dir="grass"  
       rank="48"
       direction="down"
       downloads="55"/>

    <gradient 
       file="GMT_wysiwyg" 
       dir="gmt"  
       rank="49"
       direction="down"
       downloads="54"/>

    <gradient 
       file="Caribbean" 
       dir="vh"  
       rank="50"
       direction="up" 
       downloads="52"/>

    <gradient 
       file="wiki-schwarzwald-d010" 
       dir="wkp/schwarzwald"  
       rank="51"
       direction="up" 
       downloads="49"/>

    <gradient 
       file="seminf-haxby" 
       dir="jjg/misc"  
       rank="51"
       direction="up" 
       downloads="49"/>

    <gradient 
       file="GMT_hot" 
       dir="gmt"  
       rank="53"
       direction="down"
       downloads="47"/>

    <gradient 
       file="wiki-schwarzwald-d100" 
       dir="wkp/schwarzwald"  
       rank="53"
       direction="up" 
       downloads="47"/>

    <gradient 
       file="differences" 
       dir="grass"  
       rank="55"
       direction="down"
       downloads="46"/>

    <gradient 
       file="BlueYellowRed" 
       dir="ncl"  
       rank="56"
       direction="up" 
       downloads="45"/>

    <gradient 
       file="GMT_sealand" 
       dir="gmt"  
       rank="56"
       direction="down"
       downloads="45"/>

    <gradient 
       file="zeu" 
       dir="oc"  
       rank="58"
       direction="down"
       downloads="44"/>

    <gradient 
       file="BlueDarkRed18" 
       dir="ncl"  
       rank="59"
       direction="up" 
       downloads="43"/>

    <gradient 
       file="Greys_09" 
       dir="cb/seq"  
       rank="59"
       direction="down"
       downloads="43"/>

    <gradient 
       file="njbath" 
       dir="njgs"  
       rank="59"
       direction="up" 
       downloads="43"/>

    <gradient 
       file="Spectral" 
       dir="jjg/polarity"  
       rank="62"
       direction="unchanged"
       downloads="42"/>

    <gradient 
       file="GMT_no_green" 
       dir="gmt"  
       rank="63"
       direction="down"
       downloads="41"/>

    <gradient 
       file="RdYlBu" 
       dir="jjg/polarity"  
       rank="64"
       direction="down"
       downloads="39"/>

    <gradient 
       file="GMT_drywet" 
       dir="gmt"  
       rank="64"
       direction="up" 
       downloads="39"/>

    <gradient 
       file="wiki-1.02" 
       dir="wkp/template"  
       rank="64"
       direction="down"
       downloads="39"/>

    <gradient 
       file="wiki-plumbago" 
       dir="wkp/plumbago"  
       rank="67"
       direction="up" 
       downloads="38"/>

    <gradient 
       file="visspec" 
       dir="jjg/physics"  
       rank="67"
       direction="up" 
       downloads="38"/>

    <gradient 
       file="rainbow" 
       dir="gist"  
       rank="69"
       direction="down"
       downloads="37"/>

    <gradient 
       file="europe_2" 
       dir="esri/hypsometry/eu"  
       rank="69"
       direction="down"
       downloads="37"/>

    <gradient 
       file="subtle" 
       dir="jjg/misc"  
       rank="69"
       direction="up" 
       downloads="37"/>

    <gradient 
       file="RdBu_11" 
       dir="cb/div"  
       rank="72"
       direction="down"
       downloads="35"/>

    <gradient 
       file="wiki-schwarzwald-d020" 
       dir="wkp/schwarzwald"  
       rank="72"
       direction="up" 
       downloads="35"/>

    <gradient 
       file="bgyr" 
       dir="grass"  
       rank="74"
       direction="down"
       downloads="34"/>

    <gradient 
       file="nrwd" 
       dir="wkp/tubs"  
       rank="74"
       direction="up" 
       downloads="34"/>

  </gradients>
</selection>